{"version":6,"validation":{"int8":{"confusion_matrix":[[0,2900],[0,9046]],"classification_report":{"0":{"precision":0,"recall":0,"f1-score":0,"support":2900},"1":{"precision":0.7572409174619119,"recall":1,"f1-score":0.8618521341463414,"support":9046},"accuracy":0.7572409174619119,"macro avg":{"precision":0.37862045873095596,"recall":0.5,"f1-score":0.4309260670731707,"support":11946},"weighted avg":{"precision":0.573413807078558,"recall":0.7572409174619119,"f1-score":0.6526297007774824,"support":11946}},"roc_auc":0.5,"loss":0.9206414980264118,"support":11946,"weighted_average":{"precision":0.573413807078558,"recall":0.7572409174619119,"f1-score":0.6526297007774824},"class_names":["malicious","normal"]},"float32":{"confusion_matrix":[[2619,281],[9,9037]],"classification_report":{"0":{"precision":0.9965753424657534,"recall":0.9031034482758621,"f1-score":0.9475397973950797,"support":2900},"1":{"precision":0.9698433140158832,"recall":0.9990050851204952,"f1-score":0.9842082335003266,"support":9046},"accuracy":0.9757240917461912,"macro avg":{"precision":0.9832093282408183,"recall":0.9510542666981787,"f1-score":0.9658740154477031,"support":11946},"weighted avg":{"precision":0.9763327567167559,"recall":0.9757240917461912,"f1-score":0.9753066375933104,"support":11946}},"roc_auc":0.9510542666981787,"loss":0.07127656684378003,"support":11946,"weighted_average":{"precision":0.9763327567167559,"recall":0.9757240917461912,"f1-score":0.9753066375933104},"class_names":["malicious","normal"]}}}